<?xml version="1.0" encoding="UTF-8"?>
<AQX>
  <Data>
    <CO>0.3</CO>
    <County>基隆市</County>
    <FPMI>2</FPMI>
    <MajorPollutant></MajorPollutant>
    <NO>3.04</NO>
    <NO2>16</NO2>
    <NOx>19.35</NOx>
    <O3>3.7</O3>
    <PM10>32</PM10>
    <PM2.5>16</PM2.5>
    <PSI>36</PSI>
    <PublishTime>2016-06-01 02:00</PublishTime>
    <SiteName>基隆</SiteName>
    <SO2>3.4</SO2>
    <Status>良好</Status>
    <WindDirec>276</WindDirec>
    <WindSpeed>1.1</WindSpeed>
  </Data>
  <Data>
    <CO>0.41</CO>
    <County>新北市</County>
    <FPMI>2</FPMI>
    <MajorPollutant></MajorPollutant>
    <NO>6.42</NO>
    <NO2>15</NO2>
    <NOx>21.52</NOx>
    <O3>0.9</O3>
    <PM10>37</PM10>
    <PM2.5>18</PM2.5>
    <PSI>39</PSI>
    <PublishTime>2016-06-01 02:00</PublishTime>
    <SiteName>汐止</SiteName>
    <SO2>2.2</SO2>
    <Status>良好</Status>
    <WindDirec>331</WindDirec>
    <WindSpeed>0.6</WindSpeed>
  </Data>
  <Data>
    <CO>0.27</CO>
    <County>新北市</County>
    <FPMI>2</FPMI>
    <MajorPollutant></MajorPollutant>
    <NO>1.05</NO>
    <NO2>8.8</NO2>
    <NOx>9.84</NOx>
    <O3>8.7</O3>
    <PM10>28</PM10>
    <PM2.5>15</PM2.5>
    <PSI>35</PSI>
    <PublishTime>2016-06-01 02:00</PublishTime>
    <SiteName>萬里</SiteName>
    <SO2>2.6</SO2>
    <Status>良好</Status>
    <WindDirec>212</WindDirec>
    <WindSpeed>2.4</WindSpeed>
  </Data>
  <Data>
    <CO>0.23</CO>
    <County>新北市</County>
    <FPMI>2</FPMI>
    <MajorPollutant></MajorPollutant>
    <NO>1.35</NO>
    <NO2>5.4</NO2>
    <NOx>6.72</NOx>
    <O3>13</O3>
    <PM10>32</PM10>
    <PM2.5>14</PM2.5>
    <PSI>36</PSI>
    <PublishTime>2016-06-01 02:00</PublishTime>
    <SiteName>新店</SiteName>
    <SO2>1.4</SO2>
    <Status>良好</Status>
    <WindDirec>173</WindDirec>
    <WindSpeed>3.1</WindSpeed>
  </Data>
  <Data>
    <CO>0.54</CO>
    <County>新北市</County>
    <FPMI>2</FPMI>
    <MajorPollutant></MajorPollutant>
    <NO>12.31</NO>
    <NO2>25</NO2>
    <NOx>36.83</NOx>
    <O3>2.3</O3>
    <PM10>40</PM10>
    <PM2.5>18</PM2.5>
    <PSI>37</PSI>
    <PublishTime>2016-06-01 02:00</PublishTime>
    <SiteName>土城</SiteName>
    <SO2>6.1</SO2>
    <Status>良好</Status>
    <WindDirec>275</WindDirec>
    <WindSpeed>0.8</WindSpeed>
  </Data>
  <Data>
    <CO>0.49</CO>
    <County>新北市</County>
    <FPMI>2</FPMI>
    <MajorPollutant></MajorPollutant>
    <NO>18.57</NO>
    <NO2>22</NO2>
    <NOx>40.86</NOx>
    <O3>0.8</O3>
    <PM10>45</PM10>
    <PM2.5>7</PM2.5>
    <PSI>44</PSI>
    <PublishTime>2016-06-01 02:00</PublishTime>
    <SiteName>板橋</SiteName>
    <SO2>7.4</SO2>
    <Status>良好</Status>
    <WindDirec>240</WindDirec>
    <WindSpeed>1.5</WindSpeed>
  </Data>
  <Data>
    <CO>0.38</CO>
    <County>新北市</County>
    <FPMI>3</FPMI>
    <MajorPollutant></MajorPollutant>
    <NO>1.24</NO>
    <NO2>21</NO2>
    <NOx>22.21</NOx>
    <O3>3.3</O3>
    <PM10>35</PM10>
    <PM2.5>29</PM2.5>
    <PSI>37</PSI>
    <PublishTime>2016-06-01 02:00</PublishTime>
    <SiteName>新莊</SiteName>
    <SO2>14</SO2>
    <Status>良好</Status>
    <WindDirec>242</WindDirec>
    <WindSpeed>1.1</WindSpeed>
  </Data>
  <Data>
    <CO>0.4</CO>
    <County>新北市</County>
    <FPMI>2</FPMI>
    <MajorPollutant></MajorPollutant>
    <NO>6.63</NO>
    <NO2>21</NO2>
    <NOx>28.04</NOx>
    <O3>2.9</O3>
    <PM10>43</PM10>
    <PM2.5>18</PM2.5>
    <PSI>41</PSI>
    <PublishTime>2016-06-01 02:00</PublishTime>
    <SiteName>菜寮</SiteName>
    <SO2>4.6</SO2>
    <Status>良好</Status>
    <WindDirec>294</WindDirec>
    <WindSpeed>2.3</WindSpeed>
  </Data>
  <Data>
    <CO>0.23</CO>
    <County>新北市</County>
    <FPMI>2</FPMI>
    <MajorPollutant></MajorPollutant>
    <NO>4.99</NO>
    <NO2>18</NO2>
    <NOx>22.71</NOx>
    <O3>1.9</O3>
    <PM10>26</PM10>
    <PM2.5>14</PM2.5>
    <PSI>34</PSI>
    <PublishTime>2016-06-01 02:00</PublishTime>
    <SiteName>林口</SiteName>
    <SO2>3.3</SO2>
    <Status>良好</Status>
    <WindDirec>230</WindDirec>
    <WindSpeed>3.4</WindSpeed>
  </Data>
  <Data>
    <CO>0.23</CO>
    <County>新北市</County>
    <FPMI>2</FPMI>
    <MajorPollutant></MajorPollutant>
    <NO>1.25</NO>
    <NO2>15</NO2>
    <NOx>16.1</NOx>
    <O3>4.9</O3>
    <PM10>32</PM10>
    <PM2.5>12</PM2.5>
    <PSI>39</PSI>
    <PublishTime>2016-06-01 02:00</PublishTime>
    <SiteName>淡水</SiteName>
    <SO2>3.3</SO2>
    <Status>良好</Status>
    <WindDirec></WindDirec>
    <WindSpeed></WindSpeed>
  </Data>
  <Data>
    <CO>0.4</CO>
    <County>臺北市</County>
    <FPMI>2</FPMI>
    <MajorPollutant></MajorPollutant>
    <NO>5.31</NO>
    <NO2>23</NO2>
    <NOx>27.82</NOx>
    <O3>2.1</O3>
    <PM10>26</PM10>
    <PM2.5>14</PM2.5>
    <PSI>28</PSI>
    <PublishTime>2016-06-01 02:00</PublishTime>
    <SiteName>士林</SiteName>
    <SO2>4.3</SO2>
    <Status>良好</Status>
    <WindDirec>282</WindDirec>
    <WindSpeed>1.3</WindSpeed>
  </Data>
  <Data>
    <CO>0.45</CO>
    <County>臺北市</County>
    <FPMI>2</FPMI>
    <MajorPollutant></MajorPollutant>
    <NO>3.1</NO>
    <NO2>17</NO2>
    <NOx>20.53</NOx>
    <O3>7.9</O3>
    <PM10>32</PM10>
    <PM2.5>23</PM2.5>
    <PSI>42</PSI>
    <PublishTime>2016-06-01 02:00</PublishTime>
    <SiteName>中山</SiteName>
    <SO2>2.8</SO2>
    <Status>良好</Status>
    <WindDirec>254</WindDirec>
    <WindSpeed>1.3</WindSpeed>
  </Data>
  <Data>
    <CO>0.39</CO>
    <County>臺北市</County>
    <FPMI>2</FPMI>
    <MajorPollutant></MajorPollutant>
    <NO>1.85</NO>
    <NO2>12</NO2>
    <NOx>14.02</NOx>
    <O3>7.3</O3>
    <PM10>26</PM10>
    <PM2.5>10</PM2.5>
    <PSI>39</PSI>
    <PublishTime>2016-06-01 02:00</PublishTime>
    <SiteName>萬華</SiteName>
    <SO2>1.8</SO2>
    <Status>良好</Status>
    <WindDirec>190</WindDirec>
    <WindSpeed>0.7</WindSpeed>
  </Data>
  <Data>
    <CO>0.3</CO>
    <County>臺北市</County>
    <FPMI>2</FPMI>
    <MajorPollutant></MajorPollutant>
    <NO>2.58</NO>
    <NO2>8.4</NO2>
    <NOx>11.01</NOx>
    <O3>10</O3>
    <PM10>32</PM10>
    <PM2.5>12</PM2.5>
    <PSI>35</PSI>
    <PublishTime>2016-06-01 02:00</PublishTime>
    <SiteName>古亭</SiteName>
    <SO2>1.4</SO2>
    <Status>良好</Status>
    <WindDirec>180</WindDirec>
    <WindSpeed>1.6</WindSpeed>
  </Data>
  <Data>
    <CO>0.43</CO>
    <County>臺北市</County>
    <FPMI>2</FPMI>
    <MajorPollutant></MajorPollutant>
    <NO>2.3</NO>
    <NO2>15</NO2>
    <NOx>17.34</NOx>
    <O3>7.1</O3>
    <PM10>22</PM10>
    <PM2.5>13</PM2.5>
    <PSI>34</PSI>
    <PublishTime>2016-06-01 02:00</PublishTime>
    <SiteName>松山</SiteName>
    <SO2>2.3</SO2>
    <Status>良好</Status>
    <WindDirec>91</WindDirec>
    <WindSpeed>0.8</WindSpeed>
  </Data>
  <Data>
    <CO>1.18</CO>
    <County>臺北市</County>
    <FPMI>2</FPMI>
    <MajorPollutant></MajorPollutant>
    <NO>18.42</NO>
    <NO2>23</NO2>
    <NOx>41.16</NOx>
    <O3></O3>
    <PM10>36</PM10>
    <PM2.5>13</PM2.5>
    <PSI>46</PSI>
    <PublishTime>2016-06-01 02:00</PublishTime>
    <SiteName>大同</SiteName>
    <SO2>5.4</SO2>
    <Status>良好</Status>
    <WindDirec></WindDirec>
    <WindSpeed></WindSpeed>
  </Data>
  <Data>
    <CO>0.29</CO>
    <County>桃園市</County>
    <FPMI>2</FPMI>
    <MajorPollutant></MajorPollutant>
    <NO>2.48</NO>
    <NO2>20</NO2>
    <NOx>22.13</NOx>
    <O3>3</O3>
    <PM10>30</PM10>
    <PM2.5>15</PM2.5>
    <PSI>36</PSI>
    <PublishTime>2016-06-01 02:00</PublishTime>
    <SiteName>桃園</SiteName>
    <SO2>4.9</SO2>
    <Status>良好</Status>
    <WindDirec>260</WindDirec>
    <WindSpeed>1.3</WindSpeed>
  </Data>
  <Data>
    <CO>0.19</CO>
    <County>桃園市</County>
    <FPMI>1</FPMI>
    <MajorPollutant></MajorPollutant>
    <NO>1.3</NO>
    <NO2>14</NO2>
    <NOx>15.31</NOx>
    <O3>3.8</O3>
    <PM10>24</PM10>
    <PM2.5>6</PM2.5>
    <PSI>28</PSI>
    <PublishTime>2016-06-01 02:00</PublishTime>
    <SiteName>大園</SiteName>
    <SO2>5.7</SO2>
    <Status>良好</Status>
    <WindDirec>211</WindDirec>
    <WindSpeed>4.8</WindSpeed>
  </Data>
  <Data>
    <CO>0.17</CO>
    <County>桃園市</County>
    <FPMI>2</FPMI>
    <MajorPollutant></MajorPollutant>
    <NO>.62</NO>
    <NO2>9</NO2>
    <NOx>9.61</NOx>
    <O3>9.1</O3>
    <PM10>34</PM10>
    <PM2.5>19</PM2.5>
    <PSI>33</PSI>
    <PublishTime>2016-06-01 02:00</PublishTime>
    <SiteName>觀音</SiteName>
    <SO2>3.5</SO2>
    <Status>良好</Status>
    <WindDirec>247</WindDirec>
    <WindSpeed>6.7</WindSpeed>
  </Data>
  <Data>
    <CO>0.21</CO>
    <County>桃園市</County>
    <FPMI>2</FPMI>
    <MajorPollutant></MajorPollutant>
    <NO>2.89</NO>
    <NO2>15</NO2>
    <NOx>17.57</NOx>
    <O3>2.9</O3>
    <PM10>33</PM10>
    <PM2.5>13</PM2.5>
    <PSI>37</PSI>
    <PublishTime>2016-06-01 02:00</PublishTime>
    <SiteName>平鎮</SiteName>
    <SO2>2.2</SO2>
    <Status>良好</Status>
    <WindDirec>308</WindDirec>
    <WindSpeed>2.4</WindSpeed>
  </Data>
  <Data>
    <CO>0.24</CO>
    <County>桃園市</County>
    <FPMI>2</FPMI>
    <MajorPollutant></MajorPollutant>
    <NO>1.6</NO>
    <NO2>14</NO2>
    <NOx>15.43</NOx>
    <O3>7.1</O3>
    <PM10>39</PM10>
    <PM2.5>21</PM2.5>
    <PSI>45</PSI>
    <PublishTime>2016-06-01 02:00</PublishTime>
    <SiteName>龍潭</SiteName>
    <SO2>2.7</SO2>
    <Status>良好</Status>
    <WindDirec>205</WindDirec>
    <WindSpeed>1.9</WindSpeed>
  </Data>
  <Data>
    <CO>0.1</CO>
    <County>新竹縣</County>
    <FPMI>1</FPMI>
    <MajorPollutant></MajorPollutant>
    <NO>2.2</NO>
    <NO2>12</NO2>
    <NOx>13.98</NOx>
    <O3>8.2</O3>
    <PM10>18</PM10>
    <PM2.5>8</PM2.5>
    <PSI>22</PSI>
    <PublishTime>2016-06-01 02:00</PublishTime>
    <SiteName>湖口</SiteName>
    <SO2>3.4</SO2>
    <Status>良好</Status>
    <WindDirec>236</WindDirec>
    <WindSpeed>7.3</WindSpeed>
  </Data>
  <Data>
    <CO>0.17</CO>
    <County>新竹縣</County>
    <FPMI>2</FPMI>
    <MajorPollutant></MajorPollutant>
    <NO>2.39</NO>
    <NO2>7.7</NO2>
    <NOx>10.08</NOx>
    <O3>7.8</O3>
    <PM10>29</PM10>
    <PM2.5>13</PM2.5>
    <PSI>33</PSI>
    <PublishTime>2016-06-01 02:00</PublishTime>
    <SiteName>竹東</SiteName>
    <SO2>2</SO2>
    <Status>良好</Status>
    <WindDirec>116</WindDirec>
    <WindSpeed>1.2</WindSpeed>
  </Data>
  <Data>
    <CO>0.16</CO>
    <County>新竹市</County>
    <FPMI>1</FPMI>
    <MajorPollutant></MajorPollutant>
    <NO>.2</NO>
    <NO2>9.2</NO2>
    <NOx>9.44</NOx>
    <O3>9.9</O3>
    <PM10>21</PM10>
    <PM2.5>5</PM2.5>
    <PSI>25</PSI>
    <PublishTime>2016-06-01 02:00</PublishTime>
    <SiteName>新竹</SiteName>
    <SO2>1.9</SO2>
    <Status>良好</Status>
    <WindDirec>239</WindDirec>
    <WindSpeed>3.6</WindSpeed>
  </Data>
  <Data>
    <CO>0.17</CO>
    <County>苗栗縣</County>
    <FPMI>1</FPMI>
    <MajorPollutant></MajorPollutant>
    <NO>1.01</NO>
    <NO2>9.6</NO2>
    <NOx>10.57</NOx>
    <O3>9.4</O3>
    <PM10>29</PM10>
    <PM2.5>7</PM2.5>
    <PSI>29</PSI>
    <PublishTime>2016-06-01 02:00</PublishTime>
    <SiteName>頭份</SiteName>
    <SO2>2.2</SO2>
    <Status>良好</Status>
    <WindDirec>237</WindDirec>
    <WindSpeed>5.1</WindSpeed>
  </Data>
  <Data>
    <CO>0.16</CO>
    <County>苗栗縣</County>
    <FPMI>2</FPMI>
    <MajorPollutant></MajorPollutant>
    <NO>.52</NO>
    <NO2>9.1</NO2>
    <NOx>9.61</NOx>
    <O3>8.2</O3>
    <PM10>29</PM10>
    <PM2.5>16</PM2.5>
    <PSI>31</PSI>
    <PublishTime>2016-06-01 02:00</PublishTime>
    <SiteName>苗栗</SiteName>
    <SO2>2.4</SO2>
    <Status>良好</Status>
    <WindDirec>202</WindDirec>
    <WindSpeed>4.9</WindSpeed>
  </Data>
  <Data>
    <CO>0.11</CO>
    <County>苗栗縣</County>
    <FPMI>1</FPMI>
    <MajorPollutant></MajorPollutant>
    <NO>.85</NO>
    <NO2>5.2</NO2>
    <NOx>6</NOx>
    <O3>14</O3>
    <PM10>14</PM10>
    <PM2.5>5</PM2.5>
    <PSI>19</PSI>
    <PublishTime>2016-06-01 02:00</PublishTime>
    <SiteName>三義</SiteName>
    <SO2>2</SO2>
    <Status>良好</Status>
    <WindDirec>195</WindDirec>
    <WindSpeed>5.7</WindSpeed>
  </Data>
  <Data>
    <CO>0.08</CO>
    <County>臺中市</County>
    <FPMI>2</FPMI>
    <MajorPollutant></MajorPollutant>
    <NO>-.4</NO>
    <NO2>5.4</NO2>
    <NOx>4.97</NOx>
    <O3>13</O3>
    <PM10></PM10>
    <PM2.5>13</PM2.5>
    <PSI>15</PSI>
    <PublishTime>2016-06-01 02:00</PublishTime>
    <SiteName>豐原</SiteName>
    <SO2>3.4</SO2>
    <Status>良好</Status>
    <WindDirec>200</WindDirec>
    <WindSpeed>5.4</WindSpeed>
  </Data>
  <Data>
    <CO>0.14</CO>
    <County>臺中市</County>
    <FPMI>1</FPMI>
    <MajorPollutant></MajorPollutant>
    <NO>1.43</NO>
    <NO2>13</NO2>
    <NOx>14.29</NOx>
    <O3>6.3</O3>
    <PM10>17</PM10>
    <PM2.5>10</PM2.5>
    <PSI>18</PSI>
    <PublishTime>2016-06-01 02:00</PublishTime>
    <SiteName>沙鹿</SiteName>
    <SO2>3.4</SO2>
    <Status>良好</Status>
    <WindDirec>165</WindDirec>
    <WindSpeed>3.3</WindSpeed>
  </Data>
  <Data>
    <CO>0.15</CO>
    <County>臺中市</County>
    <FPMI>1</FPMI>
    <MajorPollutant></MajorPollutant>
    <NO>1.16</NO>
    <NO2>6.8</NO2>
    <NOx>7.98</NOx>
    <O3>11</O3>
    <PM10>31</PM10>
    <PM2.5>2</PM2.5>
    <PSI>43</PSI>
    <PublishTime>2016-06-01 02:00</PublishTime>
    <SiteName>大里</SiteName>
    <SO2>1.5</SO2>
    <Status>良好</Status>
    <WindDirec>169</WindDirec>
    <WindSpeed>1.7</WindSpeed>
  </Data>
  <Data>
    <CO>0.17</CO>
    <County>臺中市</County>
    <FPMI>1</FPMI>
    <MajorPollutant></MajorPollutant>
    <NO>1.18</NO>
    <NO2>9.7</NO2>
    <NOx>10.88</NOx>
    <O3>6.8</O3>
    <PM10>15</PM10>
    <PM2.5>6</PM2.5>
    <PSI>21</PSI>
    <PublishTime>2016-06-01 02:00</PublishTime>
    <SiteName>忠明</SiteName>
    <SO2>2.1</SO2>
    <Status>良好</Status>
    <WindDirec>146</WindDirec>
    <WindSpeed>2</WindSpeed>
  </Data>
  <Data>
    <CO>0.16</CO>
    <County>臺中市</County>
    <FPMI>1</FPMI>
    <MajorPollutant></MajorPollutant>
    <NO>5.85</NO>
    <NO2>15</NO2>
    <NOx>20.46</NOx>
    <O3>3.9</O3>
    <PM10>22</PM10>
    <PM2.5>13</PM2.5>
    <PSI>25</PSI>
    <PublishTime>2016-06-01 02:00</PublishTime>
    <SiteName>西屯</SiteName>
    <SO2>2</SO2>
    <Status>良好</Status>
    <WindDirec>177</WindDirec>
    <WindSpeed>2.6</WindSpeed>
  </Data>
  <Data>
    <CO>0.16</CO>
    <County>彰化縣</County>
    <FPMI>1</FPMI>
    <MajorPollutant></MajorPollutant>
    <NO>.48</NO>
    <NO2>8.7</NO2>
    <NOx>9.19</NOx>
    <O3>5.5</O3>
    <PM10>29</PM10>
    <PM2.5>10</PM2.5>
    <PSI>36</PSI>
    <PublishTime>2016-06-01 02:00</PublishTime>
    <SiteName>彰化</SiteName>
    <SO2>2.7</SO2>
    <Status>良好</Status>
    <WindDirec>173</WindDirec>
    <WindSpeed>2.2</WindSpeed>
  </Data>
  <Data>
    <CO>0.18</CO>
    <County>彰化縣</County>
    <FPMI>2</FPMI>
    <MajorPollutant></MajorPollutant>
    <NO>.88</NO>
    <NO2>9.7</NO2>
    <NOx>10.56</NOx>
    <O3>6.7</O3>
    <PM10>23</PM10>
    <PM2.5>13</PM2.5>
    <PSI>26</PSI>
    <PublishTime>2016-06-01 02:00</PublishTime>
    <SiteName>線西</SiteName>
    <SO2>2.4</SO2>
    <Status>良好</Status>
    <WindDirec>178</WindDirec>
    <WindSpeed>3.6</WindSpeed>
  </Data>
  <Data>
    <CO>0.15</CO>
    <County>彰化縣</County>
    <FPMI>1</FPMI>
    <MajorPollutant></MajorPollutant>
    <NO>1.68</NO>
    <NO2>8.9</NO2>
    <NOx>10.6</NOx>
    <O3>4.9</O3>
    <PM10>23</PM10>
    <PM2.5>10</PM2.5>
    <PSI>22</PSI>
    <PublishTime>2016-06-01 02:00</PublishTime>
    <SiteName>二林</SiteName>
    <SO2>4.1</SO2>
    <Status>良好</Status>
    <WindDirec>170</WindDirec>
    <WindSpeed>2.2</WindSpeed>
  </Data>
  <Data>
    <CO>0.14</CO>
    <County>南投縣</County>
    <FPMI>1</FPMI>
    <MajorPollutant></MajorPollutant>
    <NO>2.04</NO>
    <NO2>6.8</NO2>
    <NOx>8.84</NOx>
    <O3>4.1</O3>
    <PM10>29</PM10>
    <PM2.5>9</PM2.5>
    <PSI>27</PSI>
    <PublishTime>2016-06-01 02:00</PublishTime>
    <SiteName>南投</SiteName>
    <SO2>1.9</SO2>
    <Status>良好</Status>
    <WindDirec>146</WindDirec>
    <WindSpeed>1.3</WindSpeed>
  </Data>
  <Data>
    <CO>0.15</CO>
    <County>雲林縣</County>
    <FPMI>1</FPMI>
    <MajorPollutant></MajorPollutant>
    <NO>1.45</NO>
    <NO2>8.2</NO2>
    <NOx>9.63</NOx>
    <O3>5.7</O3>
    <PM10>32</PM10>
    <PM2.5>3</PM2.5>
    <PSI>29</PSI>
    <PublishTime>2016-06-01 02:00</PublishTime>
    <SiteName>斗六</SiteName>
    <SO2>1.6</SO2>
    <Status>良好</Status>
    <WindDirec>122</WindDirec>
    <WindSpeed>0.9</WindSpeed>
  </Data>
  <Data>
    <CO>0.16</CO>
    <County>雲林縣</County>
    <FPMI>2</FPMI>
    <MajorPollutant></MajorPollutant>
    <NO>1.02</NO>
    <NO2>7.5</NO2>
    <NOx>8.53</NOx>
    <O3>7.2</O3>
    <PM10>21</PM10>
    <PM2.5>9</PM2.5>
    <PSI>26</PSI>
    <PublishTime>2016-06-01 02:00</PublishTime>
    <SiteName>崙背</SiteName>
    <SO2>1.9</SO2>
    <Status>良好</Status>
    <WindDirec>167</WindDirec>
    <WindSpeed>2.5</WindSpeed>
  </Data>
  <Data>
    <CO>0.23</CO>
    <County>嘉義縣</County>
    <FPMI>2</FPMI>
    <MajorPollutant></MajorPollutant>
    <NO>1.32</NO>
    <NO2>10</NO2>
    <NOx>11.3</NOx>
    <O3>2.5</O3>
    <PM10>37</PM10>
    <PM2.5>19</PM2.5>
    <PSI>36</PSI>
    <PublishTime>2016-06-01 02:00</PublishTime>
    <SiteName>新港</SiteName>
    <SO2>3.5</SO2>
    <Status>良好</Status>
    <WindDirec>154</WindDirec>
    <WindSpeed>1.4</WindSpeed>
  </Data>
  <Data>
    <CO>0.19</CO>
    <County>嘉義縣</County>
    <FPMI>2</FPMI>
    <MajorPollutant></MajorPollutant>
    <NO>1.24</NO>
    <NO2>11</NO2>
    <NOx>12.1</NOx>
    <O3>5.7</O3>
    <PM10>43</PM10>
    <PM2.5>6</PM2.5>
    <PSI>38</PSI>
    <PublishTime>2016-06-01 02:00</PublishTime>
    <SiteName>朴子</SiteName>
    <SO2>2.6</SO2>
    <Status>良好</Status>
    <WindDirec>181</WindDirec>
    <WindSpeed>1.6</WindSpeed>
  </Data>
  <Data>
    <CO>0.08</CO>
    <County>雲林縣</County>
    <FPMI>1</FPMI>
    <MajorPollutant></MajorPollutant>
    <NO>.89</NO>
    <NO2>2.5</NO2>
    <NOx>3.35</NOx>
    <O3>19</O3>
    <PM10>19</PM10>
    <PM2.5>5</PM2.5>
    <PSI>24</PSI>
    <PublishTime>2016-06-01 02:00</PublishTime>
    <SiteName>臺西</SiteName>
    <SO2>2.4</SO2>
    <Status>良好</Status>
    <WindDirec>200</WindDirec>
    <WindSpeed>2.7</WindSpeed>
  </Data>
  <Data>
    <CO>0.16</CO>
    <County>嘉義市</County>
    <FPMI>1</FPMI>
    <MajorPollutant></MajorPollutant>
    <NO>1.49</NO>
    <NO2>6.8</NO2>
    <NOx>8.27</NOx>
    <O3>5.5</O3>
    <PM10>26</PM10>
    <PM2.5>10</PM2.5>
    <PSI>25</PSI>
    <PublishTime>2016-06-01 02:00</PublishTime>
    <SiteName>嘉義</SiteName>
    <SO2>2.9</SO2>
    <Status>良好</Status>
    <WindDirec>170</WindDirec>
    <WindSpeed>1.1</WindSpeed>
  </Data>
  <Data>
    <CO>0.17</CO>
    <County>臺南市</County>
    <FPMI>1</FPMI>
    <MajorPollutant></MajorPollutant>
    <NO>.81</NO>
    <NO2>6.9</NO2>
    <NOx>7.73</NOx>
    <O3>6.6</O3>
    <PM10>28</PM10>
    <PM2.5>5</PM2.5>
    <PSI>29</PSI>
    <PublishTime>2016-06-01 02:00</PublishTime>
    <SiteName>新營</SiteName>
    <SO2>2.2</SO2>
    <Status>良好</Status>
    <WindDirec>179</WindDirec>
    <WindSpeed>1.7</WindSpeed>
  </Data>
  <Data>
    <CO>0.13</CO>
    <County>臺南市</County>
    <FPMI>1</FPMI>
    <MajorPollutant></MajorPollutant>
    <NO>.34</NO>
    <NO2>7.2</NO2>
    <NOx>7.5</NOx>
    <O3>7.7</O3>
    <PM10>18</PM10>
    <PM2.5>0</PM2.5>
    <PSI>25</PSI>
    <PublishTime>2016-06-01 02:00</PublishTime>
    <SiteName>善化</SiteName>
    <SO2>1.9</SO2>
    <Status>良好</Status>
    <WindDirec>152</WindDirec>
    <WindSpeed>1.4</WindSpeed>
  </Data>
  <Data>
    <CO>0.09</CO>
    <County>臺南市</County>
    <FPMI>1</FPMI>
    <MajorPollutant></MajorPollutant>
    <NO>-.01</NO>
    <NO2>0.2</NO2>
    <NOx>.14</NOx>
    <O3>18</O3>
    <PM10>22</PM10>
    <PM2.5>16</PM2.5>
    <PSI>23</PSI>
    <PublishTime>2016-06-01 02:00</PublishTime>
    <SiteName>安南</SiteName>
    <SO2>1.4</SO2>
    <Status>良好</Status>
    <WindDirec>216</WindDirec>
    <WindSpeed>2.1</WindSpeed>
  </Data>
  <Data>
    <CO>0.15</CO>
    <County>臺南市</County>
    <FPMI>1</FPMI>
    <MajorPollutant></MajorPollutant>
    <NO>.01</NO>
    <NO2>7</NO2>
    <NOx>6.97</NOx>
    <O3>12</O3>
    <PM10>21</PM10>
    <PM2.5>12</PM2.5>
    <PSI>20</PSI>
    <PublishTime>2016-06-01 02:00</PublishTime>
    <SiteName>臺南</SiteName>
    <SO2>2.7</SO2>
    <Status>良好</Status>
    <WindDirec>171</WindDirec>
    <WindSpeed>1.4</WindSpeed>
  </Data>
  <Data>
    <CO>0.21</CO>
    <County>高雄市</County>
    <FPMI>1</FPMI>
    <MajorPollutant></MajorPollutant>
    <NO>2.76</NO>
    <NO2>5.3</NO2>
    <NOx>8.02</NOx>
    <O3>3.5</O3>
    <PM10>20</PM10>
    <PM2.5>6</PM2.5>
    <PSI>17</PSI>
    <PublishTime>2016-06-01 02:00</PublishTime>
    <SiteName>美濃</SiteName>
    <SO2>1.9</SO2>
    <Status>良好</Status>
    <WindDirec>60</WindDirec>
    <WindSpeed>0.9</WindSpeed>
  </Data>
  <Data>
    <CO>0.25</CO>
    <County>高雄市</County>
    <FPMI>1</FPMI>
    <MajorPollutant></MajorPollutant>
    <NO>8.11</NO>
    <NO2>12</NO2>
    <NOx>20.29</NOx>
    <O3>2.3</O3>
    <PM10>28</PM10>
    <PM2.5>7</PM2.5>
    <PSI>24</PSI>
    <PublishTime>2016-06-01 02:00</PublishTime>
    <SiteName>橋頭</SiteName>
    <SO2>3.2</SO2>
    <Status>良好</Status>
    <WindDirec>83</WindDirec>
    <WindSpeed>0.9</WindSpeed>
  </Data>
  <Data>
    <CO>0.09</CO>
    <County>高雄市</County>
    <FPMI>1</FPMI>
    <MajorPollutant></MajorPollutant>
    <NO>1.71</NO>
    <NO2>6.7</NO2>
    <NOx>8.38</NOx>
    <O3>15</O3>
    <PM10>33</PM10>
    <PM2.5>7</PM2.5>
    <PSI>29</PSI>
    <PublishTime>2016-06-01 02:00</PublishTime>
    <SiteName>仁武</SiteName>
    <SO2>3.8</SO2>
    <Status>良好</Status>
    <WindDirec>250</WindDirec>
    <WindSpeed>0.9</WindSpeed>
  </Data>
  <Data>
    <CO>0.14</CO>
    <County>高雄市</County>
    <FPMI>1</FPMI>
    <MajorPollutant></MajorPollutant>
    <NO>1.58</NO>
    <NO2>7.7</NO2>
    <NOx>9.31</NOx>
    <O3>13</O3>
    <PM10>30</PM10>
    <PM2.5>0</PM2.5>
    <PSI>33</PSI>
    <PublishTime>2016-06-01 02:00</PublishTime>
    <SiteName>鳳山</SiteName>
    <SO2>4.2</SO2>
    <Status>良好</Status>
    <WindDirec>253</WindDirec>
    <WindSpeed>1.5</WindSpeed>
  </Data>
  <Data>
    <CO>0.17</CO>
    <County>高雄市</County>
    <FPMI>1</FPMI>
    <MajorPollutant></MajorPollutant>
    <NO>2.39</NO>
    <NO2>9.2</NO2>
    <NOx>11.57</NOx>
    <O3>7.8</O3>
    <PM10>23</PM10>
    <PM2.5>0</PM2.5>
    <PSI>29</PSI>
    <PublishTime>2016-06-01 02:00</PublishTime>
    <SiteName>大寮</SiteName>
    <SO2>6.8</SO2>
    <Status>良好</Status>
    <WindDirec>280</WindDirec>
    <WindSpeed>0.9</WindSpeed>
  </Data>
  <Data>
    <CO>0.02</CO>
    <County>高雄市</County>
    <FPMI>1</FPMI>
    <MajorPollutant></MajorPollutant>
    <NO>.12</NO>
    <NO2>6.4</NO2>
    <NOx>6.5</NOx>
    <O3>14</O3>
    <PM10>14</PM10>
    <PM2.5>5</PM2.5>
    <PSI>17</PSI>
    <PublishTime>2016-06-01 02:00</PublishTime>
    <SiteName>林園</SiteName>
    <SO2>2.9</SO2>
    <Status>良好</Status>
    <WindDirec>284</WindDirec>
    <WindSpeed>1.2</WindSpeed>
  </Data>
  <Data>
    <CO>0.17</CO>
    <County>高雄市</County>
    <FPMI>2</FPMI>
    <MajorPollutant></MajorPollutant>
    <NO>1.07</NO>
    <NO2>8.5</NO2>
    <NOx>9.52</NOx>
    <O3>8.1</O3>
    <PM10>37</PM10>
    <PM2.5>15</PM2.5>
    <PSI>40</PSI>
    <PublishTime>2016-06-01 02:00</PublishTime>
    <SiteName>楠梓</SiteName>
    <SO2>2.5</SO2>
    <Status>良好</Status>
    <WindDirec>61</WindDirec>
    <WindSpeed>0.7</WindSpeed>
  </Data>
  <Data>
    <CO>0.07</CO>
    <County>高雄市</County>
    <FPMI>1</FPMI>
    <MajorPollutant></MajorPollutant>
    <NO>.29</NO>
    <NO2>5.7</NO2>
    <NOx>6.02</NOx>
    <O3>15</O3>
    <PM10>27</PM10>
    <PM2.5>9</PM2.5>
    <PSI>27</PSI>
    <PublishTime>2016-06-01 02:00</PublishTime>
    <SiteName>左營</SiteName>
    <SO2>3.3</SO2>
    <Status>良好</Status>
    <WindDirec>253</WindDirec>
    <WindSpeed>1.6</WindSpeed>
  </Data>
  <Data>
    <CO>0.09</CO>
    <County>高雄市</County>
    <FPMI>1</FPMI>
    <MajorPollutant></MajorPollutant>
    <NO>.87</NO>
    <NO2>4.4</NO2>
    <NOx>5.27</NOx>
    <O3>16</O3>
    <PM10>18</PM10>
    <PM2.5>15</PM2.5>
    <PSI>24</PSI>
    <PublishTime>2016-06-01 02:00</PublishTime>
    <SiteName>前金</SiteName>
    <SO2>2.5</SO2>
    <Status>良好</Status>
    <WindDirec>230</WindDirec>
    <WindSpeed>1</WindSpeed>
  </Data>
  <Data>
    <CO>0.08</CO>
    <County>高雄市</County>
    <FPMI>1</FPMI>
    <MajorPollutant></MajorPollutant>
    <NO>1.16</NO>
    <NO2>3.2</NO2>
    <NOx>4.38</NOx>
    <O3>16</O3>
    <PM10>16</PM10>
    <PM2.5>3</PM2.5>
    <PSI>18</PSI>
    <PublishTime>2016-06-01 02:00</PublishTime>
    <SiteName>前鎮</SiteName>
    <SO2>2.4</SO2>
    <Status>良好</Status>
    <WindDirec>305</WindDirec>
    <WindSpeed>1.4</WindSpeed>
  </Data>
  <Data>
    <CO>0.08</CO>
    <County>高雄市</County>
    <FPMI>1</FPMI>
    <MajorPollutant></MajorPollutant>
    <NO>1.85</NO>
    <NO2>9</NO2>
    <NOx>10.84</NOx>
    <O3>14</O3>
    <PM10>25</PM10>
    <PM2.5>0</PM2.5>
    <PSI>22</PSI>
    <PublishTime>2016-06-01 02:00</PublishTime>
    <SiteName>小港</SiteName>
    <SO2>6.8</SO2>
    <Status>良好</Status>
    <WindDirec>278</WindDirec>
    <WindSpeed>1.8</WindSpeed>
  </Data>
  <Data>
    <CO>0.18</CO>
    <County>屏東縣</County>
    <FPMI>2</FPMI>
    <MajorPollutant></MajorPollutant>
    <NO>.67</NO>
    <NO2>9.6</NO2>
    <NOx>10.27</NOx>
    <O3>8.9</O3>
    <PM10>35</PM10>
    <PM2.5>18</PM2.5>
    <PSI>34</PSI>
    <PublishTime>2016-06-01 02:00</PublishTime>
    <SiteName>屏東</SiteName>
    <SO2>3.2</SO2>
    <Status>良好</Status>
    <WindDirec>326</WindDirec>
    <WindSpeed>0.9</WindSpeed>
  </Data>
  <Data>
    <CO>0.21</CO>
    <County>屏東縣</County>
    <FPMI>1</FPMI>
    <MajorPollutant></MajorPollutant>
    <NO>3.99</NO>
    <NO2>11</NO2>
    <NOx>14.77</NOx>
    <O3>1.6</O3>
    <PM10>32</PM10>
    <PM2.5>11</PM2.5>
    <PSI>35</PSI>
    <PublishTime>2016-06-01 02:00</PublishTime>
    <SiteName>潮州</SiteName>
    <SO2>2.1</SO2>
    <Status>良好</Status>
    <WindDirec>48</WindDirec>
    <WindSpeed>1</WindSpeed>
  </Data>
  <Data>
    <CO>0.05</CO>
    <County>屏東縣</County>
    <FPMI>1</FPMI>
    <MajorPollutant></MajorPollutant>
    <NO>2.05</NO>
    <NO2>2.3</NO2>
    <NOx>4.34</NOx>
    <O3>18</O3>
    <PM10>17</PM10>
    <PM2.5>1</PM2.5>
    <PSI>20</PSI>
    <PublishTime>2016-06-01 02:00</PublishTime>
    <SiteName>恆春</SiteName>
    <SO2>1.4</SO2>
    <Status>良好</Status>
    <WindDirec>277</WindDirec>
    <WindSpeed>3.8</WindSpeed>
  </Data>
  <Data>
    <CO>0.19</CO>
    <County>臺東縣</County>
    <FPMI>2</FPMI>
    <MajorPollutant></MajorPollutant>
    <NO>.82</NO>
    <NO2>6.5</NO2>
    <NOx>7.28</NOx>
    <O3>7.5</O3>
    <PM10>21</PM10>
    <PM2.5>9</PM2.5>
    <PSI>23</PSI>
    <PublishTime>2016-06-01 02:00</PublishTime>
    <SiteName>臺東</SiteName>
    <SO2>1</SO2>
    <Status>良好</Status>
    <WindDirec>304</WindDirec>
    <WindSpeed>0.8</WindSpeed>
  </Data>
  <Data>
    <CO>0.16</CO>
    <County>花蓮縣</County>
    <FPMI>2</FPMI>
    <MajorPollutant></MajorPollutant>
    <NO>.99</NO>
    <NO2>2.4</NO2>
    <NOx>3.39</NOx>
    <O3>11</O3>
    <PM10>29</PM10>
    <PM2.5>11</PM2.5>
    <PSI>29</PSI>
    <PublishTime>2016-06-01 02:00</PublishTime>
    <SiteName>花蓮</SiteName>
    <SO2>1.1</SO2>
    <Status>良好</Status>
    <WindDirec>211</WindDirec>
    <WindSpeed>2.4</WindSpeed>
  </Data>
  <Data>
    <CO>0.18</CO>
    <County>臺北市</County>
    <FPMI>1</FPMI>
    <MajorPollutant></MajorPollutant>
    <NO>.6</NO>
    <NO2>7.9</NO2>
    <NOx>8.47</NOx>
    <O3>20</O3>
    <PM10>16</PM10>
    <PM2.5>10</PM2.5>
    <PSI>17</PSI>
    <PublishTime>2016-06-01 02:00</PublishTime>
    <SiteName>陽明</SiteName>
    <SO2>1.4</SO2>
    <Status>良好</Status>
    <WindDirec></WindDirec>
    <WindSpeed></WindSpeed>
  </Data>
  <Data>
    <CO>0.21</CO>
    <County>宜蘭縣</County>
    <FPMI>2</FPMI>
    <MajorPollutant></MajorPollutant>
    <NO>.8</NO>
    <NO2>7.5</NO2>
    <NOx>8.27</NOx>
    <O3>9.3</O3>
    <PM10>35</PM10>
    <PM2.5>14</PM2.5>
    <PSI>34</PSI>
    <PublishTime>2016-06-01 02:00</PublishTime>
    <SiteName>宜蘭</SiteName>
    <SO2>2.2</SO2>
    <Status>良好</Status>
    <WindDirec>320</WindDirec>
    <WindSpeed>0.8</WindSpeed>
  </Data>
  <Data>
    <CO>0.36</CO>
    <County>宜蘭縣</County>
    <FPMI>2</FPMI>
    <MajorPollutant></MajorPollutant>
    <NO>3.7</NO>
    <NO2>14</NO2>
    <NOx>17.91</NOx>
    <O3>3.3</O3>
    <PM10>32</PM10>
    <PM2.5>9</PM2.5>
    <PSI>31</PSI>
    <PublishTime>2016-06-01 02:00</PublishTime>
    <SiteName>冬山</SiteName>
    <SO2>1.9</SO2>
    <Status>良好</Status>
    <WindDirec>189</WindDirec>
    <WindSpeed>0.7</WindSpeed>
  </Data>
  <Data>
    <CO>0.93</CO>
    <County>新北市</County>
    <FPMI>2</FPMI>
    <MajorPollutant>懸浮微粒</MajorPollutant>
    <NO>45.2</NO>
    <NO2>25</NO2>
    <NOx>70.24</NOx>
    <O3></O3>
    <PM10>51</PM10>
    <PM2.5>18</PM2.5>
    <PSI>52</PSI>
    <PublishTime>2016-06-01 02:00</PublishTime>
    <SiteName>三重</SiteName>
    <SO2>5</SO2>
    <Status>普通</Status>
    <WindDirec></WindDirec>
    <WindSpeed></WindSpeed>
  </Data>
  <Data>
    <CO>0.41</CO>
    <County>桃園市</County>
    <FPMI>2</FPMI>
    <MajorPollutant></MajorPollutant>
    <NO>6.33</NO>
    <NO2>17</NO2>
    <NOx>23.48</NOx>
    <O3>3</O3>
    <PM10>44</PM10>
    <PM2.5>5</PM2.5>
    <PSI>50</PSI>
    <PublishTime>2016-06-01 02:00</PublishTime>
    <SiteName>中壢</SiteName>
    <SO2>4.4</SO2>
    <Status>良好</Status>
    <WindDirec>200</WindDirec>
    <WindSpeed>1.1</WindSpeed>
  </Data>
  <Data>
    <CO>0.15</CO>
    <County>南投縣</County>
    <FPMI>1</FPMI>
    <MajorPollutant></MajorPollutant>
    <NO>1.86</NO>
    <NO2>8.7</NO2>
    <NOx>10.54</NOx>
    <O3>3.7</O3>
    <PM10>22</PM10>
    <PM2.5>8</PM2.5>
    <PSI>25</PSI>
    <PublishTime>2016-06-01 02:00</PublishTime>
    <SiteName>竹山</SiteName>
    <SO2>2.7</SO2>
    <Status>良好</Status>
    <WindDirec>355</WindDirec>
    <WindSpeed>1</WindSpeed>
  </Data>
  <Data>
    <CO>0.36</CO>
    <County>新北市</County>
    <FPMI>2</FPMI>
    <MajorPollutant></MajorPollutant>
    <NO>2.68</NO>
    <NO2>9.3</NO2>
    <NOx>12.01</NOx>
    <O3>9.7</O3>
    <PM10>43</PM10>
    <PM2.5>11</PM2.5>
    <PSI>37</PSI>
    <PublishTime>2016-06-01 02:00</PublishTime>
    <SiteName>永和</SiteName>
    <SO2>1.3</SO2>
    <Status>良好</Status>
    <WindDirec>146</WindDirec>
    <WindSpeed>0.8</WindSpeed>
  </Data>
  <Data>
    <CO>0.12</CO>
    <County>高雄市</County>
    <FPMI>1</FPMI>
    <MajorPollutant></MajorPollutant>
    <NO>1.08</NO>
    <NO2>5.1</NO2>
    <NOx>6.15</NOx>
    <O3>15</O3>
    <PM10>15</PM10>
    <PM2.5>1</PM2.5>
    <PSI>20</PSI>
    <PublishTime>2016-06-01 02:00</PublishTime>
    <SiteName>復興</SiteName>
    <SO2>3.6</SO2>
    <Status>良好</Status>
    <WindDirec>199</WindDirec>
    <WindSpeed>0.6</WindSpeed>
  </Data>
  <Data>
    <CO>0.26</CO>
    <County>南投縣</County>
    <FPMI>1</FPMI>
    <MajorPollutant></MajorPollutant>
    <NO>1.95</NO>
    <NO2>8.5</NO2>
    <NOx>10.49</NOx>
    <O3>2.7</O3>
    <PM10>30</PM10>
    <PM2.5>10</PM2.5>
    <PSI>28</PSI>
    <PublishTime>2016-06-01 02:00</PublishTime>
    <SiteName>埔里</SiteName>
    <SO2>2</SO2>
    <Status>良好</Status>
    <WindDirec>194</WindDirec>
    <WindSpeed>0.8</WindSpeed>
  </Data>
  <Data>
    <CO>0.08</CO>
    <County>連江縣</County>
    <FPMI>2</FPMI>
    <MajorPollutant></MajorPollutant>
    <NO>1.55</NO>
    <NO2>6.2</NO2>
    <NOx>7.74</NOx>
    <O3>17</O3>
    <PM10>29</PM10>
    <PM2.5>11</PM2.5>
    <PSI>39</PSI>
    <PublishTime>2016-06-01 02:00</PublishTime>
    <SiteName>馬祖</SiteName>
    <SO2>2.8</SO2>
    <Status>良好</Status>
    <WindDirec>200</WindDirec>
    <WindSpeed>6.5</WindSpeed>
  </Data>
  <Data>
    <CO>0.08</CO>
    <County>金門縣</County>
    <FPMI>1</FPMI>
    <MajorPollutant></MajorPollutant>
    <NO>.48</NO>
    <NO2>3.8</NO2>
    <NOx>4.23</NOx>
    <O3>20</O3>
    <PM10>25</PM10>
    <PM2.5>2</PM2.5>
    <PSI>32</PSI>
    <PublishTime>2016-06-01 02:00</PublishTime>
    <SiteName>金門</SiteName>
    <SO2>1.4</SO2>
    <Status>良好</Status>
    <WindDirec>220</WindDirec>
    <WindSpeed>4.9</WindSpeed>
  </Data>
  <Data>
    <CO>0.09</CO>
    <County>澎湖縣</County>
    <FPMI>1</FPMI>
    <MajorPollutant></MajorPollutant>
    <NO>1.53</NO>
    <NO2>1.7</NO2>
    <NOx>3.26</NOx>
    <O3>20</O3>
    <PM10>5</PM10>
    <PM2.5>2</PM2.5>
    <PSI>16</PSI>
    <PublishTime>2016-06-01 02:00</PublishTime>
    <SiteName>馬公</SiteName>
    <SO2>0.8</SO2>
    <Status>良好</Status>
    <WindDirec>173</WindDirec>
    <WindSpeed>2.5</WindSpeed>
  </Data>
  <Data>
    <CO></CO>
    <County>臺東縣</County>
    <FPMI>1</FPMI>
    <MajorPollutant></MajorPollutant>
    <NO>1.32</NO>
    <NO2>3.6</NO2>
    <NOx>4.89</NOx>
    <O3>5.1</O3>
    <PM10>21</PM10>
    <PM2.5>7</PM2.5>
    <PSI>23</PSI>
    <PublishTime>2016-06-01 02:00</PublishTime>
    <SiteName>關山</SiteName>
    <SO2>1.2</SO2>
    <Status>良好</Status>
    <WindDirec>232</WindDirec>
    <WindSpeed>0.7</WindSpeed>
  </Data>
  <Data>
    <CO>0.11</CO>
    <County>雲林縣</County>
    <FPMI>1</FPMI>
    <MajorPollutant></MajorPollutant>
    <NO>2.3</NO>
    <NO2>4.5</NO2>
    <NOx>6.78</NOx>
    <O3>10</O3>
    <PM10>35</PM10>
    <PM2.5>7</PM2.5>
    <PSI>36</PSI>
    <PublishTime>2016-06-01 02:00</PublishTime>
    <SiteName>麥寮</SiteName>
    <SO2>1.2</SO2>
    <Status>良好</Status>
    <WindDirec>182</WindDirec>
    <WindSpeed>2.2</WindSpeed>
  </Data>
</AQX>
