[{"CO":"0.3","County":"基隆市","FPMI":"2","MajorPollutant":"","NO":"3.04","NO2":"16","NOx":"19.35","O3":"3.7","PM10":"32","PM2_5":"16","PSI":"36","PublishTime":"2016-06-01 02:00","SiteName":"基隆","SO2":"3.4","Status":"良好","WindDirec":"276","WindSpeed":"1.1"},{"CO":"0.41","County":"新北市","FPMI":"2","MajorPollutant":"","NO":"6.42","NO2":"15","NOx":"21.52","O3":"0.9","PM10":"37","PM2_5":"18","PSI":"39","PublishTime":"2016-06-01 02:00","SiteName":"汐止","SO2":"2.2","Status":"良好","WindDirec":"331","WindSpeed":"0.6"},{"CO":"0.27","County":"新北市","FPMI":"2","MajorPollutant":"","NO":"1.05","NO2":"8.8","NOx":"9.84","O3":"8.7","PM10":"28","PM2_5":"15","PSI":"35","PublishTime":"2016-06-01 02:00","SiteName":"萬里","SO2":"2.6","Status":"良好","WindDirec":"212","WindSpeed":"2.4"},{"CO":"0.23","County":"新北市","FPMI":"2","MajorPollutant":"","NO":"1.35","NO2":"5.4","NOx":"6.72","O3":"13","PM10":"32","PM2_5":"14","PSI":"36","PublishTime":"2016-06-01 02:00","SiteName":"新店","SO2":"1.4","Status":"良好","WindDirec":"173","WindSpeed":"3.1"},{"CO":"0.54","County":"新北市","FPMI":"2","MajorPollutant":"","NO":"12.31","NO2":"25","NOx":"36.83","O3":"2.3","PM10":"40","PM2_5":"18","PSI":"37","PublishTime":"2016-06-01 02:00","SiteName":"土城","SO2":"6.1","Status":"良好","WindDirec":"275","WindSpeed":"0.8"},{"CO":"0.49","County":"新北市","FPMI":"2","MajorPollutant":"","NO":"18.57","NO2":"22","NOx":"40.86","O3":"0.8","PM10":"45","PM2_5":"7","PSI":"44","PublishTime":"2016-06-01 02:00","SiteName":"板橋","SO2":"7.4","Status":"良好","WindDirec":"240","WindSpeed":"1.5"},{"CO":"0.38","County":"新北市","FPMI":"3","MajorPollutant":"","NO":"1.24","NO2":"21","NOx":"22.21","O3":"3.3","PM10":"35","PM2_5":"29","PSI":"37","PublishTime":"2016-06-01 02:00","SiteName":"新莊","SO2":"14","Status":"良好","WindDirec":"242","WindSpeed":"1.1"},{"CO":"0.4","County":"新北市","FPMI":"2","MajorPollutant":"","NO":"6.63","NO2":"21","NOx":"28.04","O3":"2.9","PM10":"43","PM2_5":"18","PSI":"41","PublishTime":"2016-06-01 02:00","SiteName":"菜寮","SO2":"4.6","Status":"良好","WindDirec":"294","WindSpeed":"2.3"},{"CO":"0.23","County":"新北市","FPMI":"2","MajorPollutant":"","NO":"4.99","NO2":"18","NOx":"22.71","O3":"1.9","PM10":"26","PM2_5":"14","PSI":"34","PublishTime":"2016-06-01 02:00","SiteName":"林口","SO2":"3.3","Status":"良好","WindDirec":"230","WindSpeed":"3.4"},{"CO":"0.23","County":"新北市","FPMI":"2","MajorPollutant":"","NO":"1.25","NO2":"15","NOx":"16.1","O3":"4.9","PM10":"32","PM2_5":"12","PSI":"39","PublishTime":"2016-06-01 02:00","SiteName":"淡水","SO2":"3.3","Status":"良好","WindDirec":"","WindSpeed":""},{"CO":"0.4","County":"臺北市","FPMI":"2","MajorPollutant":"","NO":"5.31","NO2":"23","NOx":"27.82","O3":"2.1","PM10":"26","PM2_5":"14","PSI":"28","PublishTime":"2016-06-01 02:00","SiteName":"士林","SO2":"4.3","Status":"良好","WindDirec":"282","WindSpeed":"1.3"},{"CO":"0.45","County":"臺北市","FPMI":"2","MajorPollutant":"","NO":"3.1","NO2":"17","NOx":"20.53","O3":"7.9","PM10":"32","PM2_5":"23","PSI":"42","PublishTime":"2016-06-01 02:00","SiteName":"中山","SO2":"2.8","Status":"良好","WindDirec":"254","WindSpeed":"1.3"},{"CO":"0.39","County":"臺北市","FPMI":"2","MajorPollutant":"","NO":"1.85","NO2":"12","NOx":"14.02","O3":"7.3","PM10":"26","PM2_5":"10","PSI":"39","PublishTime":"2016-06-01 02:00","SiteName":"萬華","SO2":"1.8","Status":"良好","WindDirec":"190","WindSpeed":"0.7"},{"CO":"0.3","County":"臺北市","FPMI":"2","MajorPollutant":"","NO":"2.58","NO2":"8.4","NOx":"11.01","O3":"10","PM10":"32","PM2_5":"12","PSI":"35","PublishTime":"2016-06-01 02:00","SiteName":"古亭","SO2":"1.4","Status":"良好","WindDirec":"180","WindSpeed":"1.6"},{"CO":"0.43","County":"臺北市","FPMI":"2","MajorPollutant":"","NO":"2.3","NO2":"15","NOx":"17.34","O3":"7.1","PM10":"22","PM2_5":"13","PSI":"34","PublishTime":"2016-06-01 02:00","SiteName":"松山","SO2":"2.3","Status":"良好","WindDirec":"91","WindSpeed":"0.8"},{"CO":"1.18","County":"臺北市","FPMI":"2","MajorPollutant":"","NO":"18.42","NO2":"23","NOx":"41.16","O3":"","PM10":"36","PM2_5":"13","PSI":"46","PublishTime":"2016-06-01 02:00","SiteName":"大同","SO2":"5.4","Status":"良好","WindDirec":"","WindSpeed":""},{"CO":"0.29","County":"桃園市","FPMI":"2","MajorPollutant":"","NO":"2.48","NO2":"20","NOx":"22.13","O3":"3","PM10":"30","PM2_5":"15","PSI":"36","PublishTime":"2016-06-01 02:00","SiteName":"桃園","SO2":"4.9","Status":"良好","WindDirec":"260","WindSpeed":"1.3"},{"CO":"0.19","County":"桃園市","FPMI":"1","MajorPollutant":"","NO":"1.3","NO2":"14","NOx":"15.31","O3":"3.8","PM10":"24","PM2_5":"6","PSI":"28","PublishTime":"2016-06-01 02:00","SiteName":"大園","SO2":"5.7","Status":"良好","WindDirec":"211","WindSpeed":"4.8"},{"CO":"0.17","County":"桃園市","FPMI":"2","MajorPollutant":"","NO":".62","NO2":"9","NOx":"9.61","O3":"9.1","PM10":"34","PM2_5":"19","PSI":"33","PublishTime":"2016-06-01 02:00","SiteName":"觀音","SO2":"3.5","Status":"良好","WindDirec":"247","WindSpeed":"6.7"},{"CO":"0.21","County":"桃園市","FPMI":"2","MajorPollutant":"","NO":"2.89","NO2":"15","NOx":"17.57","O3":"2.9","PM10":"33","PM2_5":"13","PSI":"37","PublishTime":"2016-06-01 02:00","SiteName":"平鎮","SO2":"2.2","Status":"良好","WindDirec":"308","WindSpeed":"2.4"},{"CO":"0.24","County":"桃園市","FPMI":"2","MajorPollutant":"","NO":"1.6","NO2":"14","NOx":"15.43","O3":"7.1","PM10":"39","PM2_5":"21","PSI":"45","PublishTime":"2016-06-01 02:00","SiteName":"龍潭","SO2":"2.7","Status":"良好","WindDirec":"205","WindSpeed":"1.9"},{"CO":"0.1","County":"新竹縣","FPMI":"1","MajorPollutant":"","NO":"2.2","NO2":"12","NOx":"13.98","O3":"8.2","PM10":"18","PM2_5":"8","PSI":"22","PublishTime":"2016-06-01 02:00","SiteName":"湖口","SO2":"3.4","Status":"良好","WindDirec":"236","WindSpeed":"7.3"},{"CO":"0.17","County":"新竹縣","FPMI":"2","MajorPollutant":"","NO":"2.39","NO2":"7.7","NOx":"10.08","O3":"7.8","PM10":"29","PM2_5":"13","PSI":"33","PublishTime":"2016-06-01 02:00","SiteName":"竹東","SO2":"2","Status":"良好","WindDirec":"116","WindSpeed":"1.2"},{"CO":"0.16","County":"新竹市","FPMI":"1","MajorPollutant":"","NO":".2","NO2":"9.2","NOx":"9.44","O3":"9.9","PM10":"21","PM2_5":"5","PSI":"25","PublishTime":"2016-06-01 02:00","SiteName":"新竹","SO2":"1.9","Status":"良好","WindDirec":"239","WindSpeed":"3.6"},{"CO":"0.17","County":"苗栗縣","FPMI":"1","MajorPollutant":"","NO":"1.01","NO2":"9.6","NOx":"10.57","O3":"9.4","PM10":"29","PM2_5":"7","PSI":"29","PublishTime":"2016-06-01 02:00","SiteName":"頭份","SO2":"2.2","Status":"良好","WindDirec":"237","WindSpeed":"5.1"},{"CO":"0.16","County":"苗栗縣","FPMI":"2","MajorPollutant":"","NO":".52","NO2":"9.1","NOx":"9.61","O3":"8.2","PM10":"29","PM2_5":"16","PSI":"31","PublishTime":"2016-06-01 02:00","SiteName":"苗栗","SO2":"2.4","Status":"良好","WindDirec":"202","WindSpeed":"4.9"},{"CO":"0.11","County":"苗栗縣","FPMI":"1","MajorPollutant":"","NO":".85","NO2":"5.2","NOx":"6","O3":"14","PM10":"14","PM2_5":"5","PSI":"19","PublishTime":"2016-06-01 02:00","SiteName":"三義","SO2":"2","Status":"良好","WindDirec":"195","WindSpeed":"5.7"},{"CO":"0.08","County":"臺中市","FPMI":"2","MajorPollutant":"","NO":"-.4","NO2":"5.4","NOx":"4.97","O3":"13","PM10":"","PM2_5":"13","PSI":"15","PublishTime":"2016-06-01 02:00","SiteName":"豐原","SO2":"3.4","Status":"良好","WindDirec":"200","WindSpeed":"5.4"},{"CO":"0.14","County":"臺中市","FPMI":"1","MajorPollutant":"","NO":"1.43","NO2":"13","NOx":"14.29","O3":"6.3","PM10":"17","PM2_5":"10","PSI":"18","PublishTime":"2016-06-01 02:00","SiteName":"沙鹿","SO2":"3.4","Status":"良好","WindDirec":"165","WindSpeed":"3.3"},{"CO":"0.15","County":"臺中市","FPMI":"1","MajorPollutant":"","NO":"1.16","NO2":"6.8","NOx":"7.98","O3":"11","PM10":"31","PM2_5":"2","PSI":"43","PublishTime":"2016-06-01 02:00","SiteName":"大里","SO2":"1.5","Status":"良好","WindDirec":"169","WindSpeed":"1.7"},{"CO":"0.17","County":"臺中市","FPMI":"1","MajorPollutant":"","NO":"1.18","NO2":"9.7","NOx":"10.88","O3":"6.8","PM10":"15","PM2_5":"6","PSI":"21","PublishTime":"2016-06-01 02:00","SiteName":"忠明","SO2":"2.1","Status":"良好","WindDirec":"146","WindSpeed":"2"},{"CO":"0.16","County":"臺中市","FPMI":"1","MajorPollutant":"","NO":"5.85","NO2":"15","NOx":"20.46","O3":"3.9","PM10":"22","PM2_5":"13","PSI":"25","PublishTime":"2016-06-01 02:00","SiteName":"西屯","SO2":"2","Status":"良好","WindDirec":"177","WindSpeed":"2.6"},{"CO":"0.16","County":"彰化縣","FPMI":"1","MajorPollutant":"","NO":".48","NO2":"8.7","NOx":"9.19","O3":"5.5","PM10":"29","PM2_5":"10","PSI":"36","PublishTime":"2016-06-01 02:00","SiteName":"彰化","SO2":"2.7","Status":"良好","WindDirec":"173","WindSpeed":"2.2"},{"CO":"0.18","County":"彰化縣","FPMI":"2","MajorPollutant":"","NO":".88","NO2":"9.7","NOx":"10.56","O3":"6.7","PM10":"23","PM2_5":"13","PSI":"26","PublishTime":"2016-06-01 02:00","SiteName":"線西","SO2":"2.4","Status":"良好","WindDirec":"178","WindSpeed":"3.6"},{"CO":"0.15","County":"彰化縣","FPMI":"1","MajorPollutant":"","NO":"1.68","NO2":"8.9","NOx":"10.6","O3":"4.9","PM10":"23","PM2_5":"10","PSI":"22","PublishTime":"2016-06-01 02:00","SiteName":"二林","SO2":"4.1","Status":"良好","WindDirec":"170","WindSpeed":"2.2"},{"CO":"0.14","County":"南投縣","FPMI":"1","MajorPollutant":"","NO":"2.04","NO2":"6.8","NOx":"8.84","O3":"4.1","PM10":"29","PM2_5":"9","PSI":"27","PublishTime":"2016-06-01 02:00","SiteName":"南投","SO2":"1.9","Status":"良好","WindDirec":"146","WindSpeed":"1.3"},{"CO":"0.15","County":"雲林縣","FPMI":"1","MajorPollutant":"","NO":"1.45","NO2":"8.2","NOx":"9.63","O3":"5.7","PM10":"32","PM2_5":"3","PSI":"29","PublishTime":"2016-06-01 02:00","SiteName":"斗六","SO2":"1.6","Status":"良好","WindDirec":"122","WindSpeed":"0.9"},{"CO":"0.16","County":"雲林縣","FPMI":"2","MajorPollutant":"","NO":"1.02","NO2":"7.5","NOx":"8.53","O3":"7.2","PM10":"21","PM2_5":"9","PSI":"26","PublishTime":"2016-06-01 02:00","SiteName":"崙背","SO2":"1.9","Status":"良好","WindDirec":"167","WindSpeed":"2.5"},{"CO":"0.23","County":"嘉義縣","FPMI":"2","MajorPollutant":"","NO":"1.32","NO2":"10","NOx":"11.3","O3":"2.5","PM10":"37","PM2_5":"19","PSI":"36","PublishTime":"2016-06-01 02:00","SiteName":"新港","SO2":"3.5","Status":"良好","WindDirec":"154","WindSpeed":"1.4"},{"CO":"0.19","County":"嘉義縣","FPMI":"2","MajorPollutant":"","NO":"1.24","NO2":"11","NOx":"12.1","O3":"5.7","PM10":"43","PM2_5":"6","PSI":"38","PublishTime":"2016-06-01 02:00","SiteName":"朴子","SO2":"2.6","Status":"良好","WindDirec":"181","WindSpeed":"1.6"},{"CO":"0.08","County":"雲林縣","FPMI":"1","MajorPollutant":"","NO":".89","NO2":"2.5","NOx":"3.35","O3":"19","PM10":"19","PM2_5":"5","PSI":"24","PublishTime":"2016-06-01 02:00","SiteName":"臺西","SO2":"2.4","Status":"良好","WindDirec":"200","WindSpeed":"2.7"},{"CO":"0.16","County":"嘉義市","FPMI":"1","MajorPollutant":"","NO":"1.49","NO2":"6.8","NOx":"8.27","O3":"5.5","PM10":"26","PM2_5":"10","PSI":"25","PublishTime":"2016-06-01 02:00","SiteName":"嘉義","SO2":"2.9","Status":"良好","WindDirec":"170","WindSpeed":"1.1"},{"CO":"0.17","County":"臺南市","FPMI":"1","MajorPollutant":"","NO":".81","NO2":"6.9","NOx":"7.73","O3":"6.6","PM10":"28","PM2_5":"5","PSI":"29","PublishTime":"2016-06-01 02:00","SiteName":"新營","SO2":"2.2","Status":"良好","WindDirec":"179","WindSpeed":"1.7"},{"CO":"0.13","County":"臺南市","FPMI":"1","MajorPollutant":"","NO":".34","NO2":"7.2","NOx":"7.5","O3":"7.7","PM10":"18","PM2_5":"0","PSI":"25","PublishTime":"2016-06-01 02:00","SiteName":"善化","SO2":"1.9","Status":"良好","WindDirec":"152","WindSpeed":"1.4"},{"CO":"0.09","County":"臺南市","FPMI":"1","MajorPollutant":"","NO":"-.01","NO2":"0.2","NOx":".14","O3":"18","PM10":"22","PM2_5":"16","PSI":"23","PublishTime":"2016-06-01 02:00","SiteName":"安南","SO2":"1.4","Status":"良好","WindDirec":"216","WindSpeed":"2.1"},{"CO":"0.15","County":"臺南市","FPMI":"1","MajorPollutant":"","NO":".01","NO2":"7","NOx":"6.97","O3":"12","PM10":"21","PM2_5":"12","PSI":"20","PublishTime":"2016-06-01 02:00","SiteName":"臺南","SO2":"2.7","Status":"良好","WindDirec":"171","WindSpeed":"1.4"},{"CO":"0.21","County":"高雄市","FPMI":"1","MajorPollutant":"","NO":"2.76","NO2":"5.3","NOx":"8.02","O3":"3.5","PM10":"20","PM2_5":"6","PSI":"17","PublishTime":"2016-06-01 02:00","SiteName":"美濃","SO2":"1.9","Status":"良好","WindDirec":"60","WindSpeed":"0.9"},{"CO":"0.25","County":"高雄市","FPMI":"1","MajorPollutant":"","NO":"8.11","NO2":"12","NOx":"20.29","O3":"2.3","PM10":"28","PM2_5":"7","PSI":"24","PublishTime":"2016-06-01 02:00","SiteName":"橋頭","SO2":"3.2","Status":"良好","WindDirec":"83","WindSpeed":"0.9"},{"CO":"0.09","County":"高雄市","FPMI":"1","MajorPollutant":"","NO":"1.71","NO2":"6.7","NOx":"8.38","O3":"15","PM10":"33","PM2_5":"7","PSI":"29","PublishTime":"2016-06-01 02:00","SiteName":"仁武","SO2":"3.8","Status":"良好","WindDirec":"250","WindSpeed":"0.9"},{"CO":"0.14","County":"高雄市","FPMI":"1","MajorPollutant":"","NO":"1.58","NO2":"7.7","NOx":"9.31","O3":"13","PM10":"30","PM2_5":"0","PSI":"33","PublishTime":"2016-06-01 02:00","SiteName":"鳳山","SO2":"4.2","Status":"良好","WindDirec":"253","WindSpeed":"1.5"},{"CO":"0.17","County":"高雄市","FPMI":"1","MajorPollutant":"","NO":"2.39","NO2":"9.2","NOx":"11.57","O3":"7.8","PM10":"23","PM2_5":"0","PSI":"29","PublishTime":"2016-06-01 02:00","SiteName":"大寮","SO2":"6.8","Status":"良好","WindDirec":"280","WindSpeed":"0.9"},{"CO":"0.02","County":"高雄市","FPMI":"1","MajorPollutant":"","NO":".12","NO2":"6.4","NOx":"6.5","O3":"14","PM10":"14","PM2_5":"5","PSI":"17","PublishTime":"2016-06-01 02:00","SiteName":"林園","SO2":"2.9","Status":"良好","WindDirec":"284","WindSpeed":"1.2"},{"CO":"0.17","County":"高雄市","FPMI":"2","MajorPollutant":"","NO":"1.07","NO2":"8.5","NOx":"9.52","O3":"8.1","PM10":"37","PM2_5":"15","PSI":"40","PublishTime":"2016-06-01 02:00","SiteName":"楠梓","SO2":"2.5","Status":"良好","WindDirec":"61","WindSpeed":"0.7"},{"CO":"0.07","County":"高雄市","FPMI":"1","MajorPollutant":"","NO":".29","NO2":"5.7","NOx":"6.02","O3":"15","PM10":"27","PM2_5":"9","PSI":"27","PublishTime":"2016-06-01 02:00","SiteName":"左營","SO2":"3.3","Status":"良好","WindDirec":"253","WindSpeed":"1.6"},{"CO":"0.09","County":"高雄市","FPMI":"1","MajorPollutant":"","NO":".87","NO2":"4.4","NOx":"5.27","O3":"16","PM10":"18","PM2_5":"15","PSI":"24","PublishTime":"2016-06-01 02:00","SiteName":"前金","SO2":"2.5","Status":"良好","WindDirec":"230","WindSpeed":"1"},{"CO":"0.08","County":"高雄市","FPMI":"1","MajorPollutant":"","NO":"1.16","NO2":"3.2","NOx":"4.38","O3":"16","PM10":"16","PM2_5":"3","PSI":"18","PublishTime":"2016-06-01 02:00","SiteName":"前鎮","SO2":"2.4","Status":"良好","WindDirec":"305","WindSpeed":"1.4"},{"CO":"0.08","County":"高雄市","FPMI":"1","MajorPollutant":"","NO":"1.85","NO2":"9","NOx":"10.84","O3":"14","PM10":"25","PM2_5":"0","PSI":"22","PublishTime":"2016-06-01 02:00","SiteName":"小港","SO2":"6.8","Status":"良好","WindDirec":"278","WindSpeed":"1.8"},{"CO":"0.18","County":"屏東縣","FPMI":"2","MajorPollutant":"","NO":".67","NO2":"9.6","NOx":"10.27","O3":"8.9","PM10":"35","PM2_5":"18","PSI":"34","PublishTime":"2016-06-01 02:00","SiteName":"屏東","SO2":"3.2","Status":"良好","WindDirec":"326","WindSpeed":"0.9"},{"CO":"0.21","County":"屏東縣","FPMI":"1","MajorPollutant":"","NO":"3.99","NO2":"11","NOx":"14.77","O3":"1.6","PM10":"32","PM2_5":"11","PSI":"35","PublishTime":"2016-06-01 02:00","SiteName":"潮州","SO2":"2.1","Status":"良好","WindDirec":"48","WindSpeed":"1"},{"CO":"0.05","County":"屏東縣","FPMI":"1","MajorPollutant":"","NO":"2.05","NO2":"2.3","NOx":"4.34","O3":"18","PM10":"17","PM2_5":"1","PSI":"20","PublishTime":"2016-06-01 02:00","SiteName":"恆春","SO2":"1.4","Status":"良好","WindDirec":"277","WindSpeed":"3.8"},{"CO":"0.19","County":"臺東縣","FPMI":"2","MajorPollutant":"","NO":".82","NO2":"6.5","NOx":"7.28","O3":"7.5","PM10":"21","PM2_5":"9","PSI":"23","PublishTime":"2016-06-01 02:00","SiteName":"臺東","SO2":"1","Status":"良好","WindDirec":"304","WindSpeed":"0.8"},{"CO":"0.16","County":"花蓮縣","FPMI":"2","MajorPollutant":"","NO":".99","NO2":"2.4","NOx":"3.39","O3":"11","PM10":"29","PM2_5":"11","PSI":"29","PublishTime":"2016-06-01 02:00","SiteName":"花蓮","SO2":"1.1","Status":"良好","WindDirec":"211","WindSpeed":"2.4"},{"CO":"0.18","County":"臺北市","FPMI":"1","MajorPollutant":"","NO":".6","NO2":"7.9","NOx":"8.47","O3":"20","PM10":"16","PM2_5":"10","PSI":"17","PublishTime":"2016-06-01 02:00","SiteName":"陽明","SO2":"1.4","Status":"良好","WindDirec":"","WindSpeed":""},{"CO":"0.21","County":"宜蘭縣","FPMI":"2","MajorPollutant":"","NO":".8","NO2":"7.5","NOx":"8.27","O3":"9.3","PM10":"35","PM2_5":"14","PSI":"34","PublishTime":"2016-06-01 02:00","SiteName":"宜蘭","SO2":"2.2","Status":"良好","WindDirec":"320","WindSpeed":"0.8"},{"CO":"0.36","County":"宜蘭縣","FPMI":"2","MajorPollutant":"","NO":"3.7","NO2":"14","NOx":"17.91","O3":"3.3","PM10":"32","PM2_5":"9","PSI":"31","PublishTime":"2016-06-01 02:00","SiteName":"冬山","SO2":"1.9","Status":"良好","WindDirec":"189","WindSpeed":"0.7"},{"CO":"0.93","County":"新北市","FPMI":"2","MajorPollutant":"懸浮微粒","NO":"45.2","NO2":"25","NOx":"70.24","O3":"","PM10":"51","PM2_5":"18","PSI":"52","PublishTime":"2016-06-01 02:00","SiteName":"三重","SO2":"5","Status":"普通","WindDirec":"","WindSpeed":""},{"CO":"0.41","County":"桃園市","FPMI":"2","MajorPollutant":"","NO":"6.33","NO2":"17","NOx":"23.48","O3":"3","PM10":"44","PM2_5":"5","PSI":"50","PublishTime":"2016-06-01 02:00","SiteName":"中壢","SO2":"4.4","Status":"良好","WindDirec":"200","WindSpeed":"1.1"},{"CO":"0.15","County":"南投縣","FPMI":"1","MajorPollutant":"","NO":"1.86","NO2":"8.7","NOx":"10.54","O3":"3.7","PM10":"22","PM2_5":"8","PSI":"25","PublishTime":"2016-06-01 02:00","SiteName":"竹山","SO2":"2.7","Status":"良好","WindDirec":"355","WindSpeed":"1"},{"CO":"0.36","County":"新北市","FPMI":"2","MajorPollutant":"","NO":"2.68","NO2":"9.3","NOx":"12.01","O3":"9.7","PM10":"43","PM2_5":"11","PSI":"37","PublishTime":"2016-06-01 02:00","SiteName":"永和","SO2":"1.3","Status":"良好","WindDirec":"146","WindSpeed":"0.8"},{"CO":"0.12","County":"高雄市","FPMI":"1","MajorPollutant":"","NO":"1.08","NO2":"5.1","NOx":"6.15","O3":"15","PM10":"15","PM2_5":"1","PSI":"20","PublishTime":"2016-06-01 02:00","SiteName":"復興","SO2":"3.6","Status":"良好","WindDirec":"199","WindSpeed":"0.6"},{"CO":"0.26","County":"南投縣","FPMI":"1","MajorPollutant":"","NO":"1.95","NO2":"8.5","NOx":"10.49","O3":"2.7","PM10":"30","PM2_5":"10","PSI":"28","PublishTime":"2016-06-01 02:00","SiteName":"埔里","SO2":"2","Status":"良好","WindDirec":"194","WindSpeed":"0.8"},{"CO":"0.08","County":"連江縣","FPMI":"2","MajorPollutant":"","NO":"1.55","NO2":"6.2","NOx":"7.74","O3":"17","PM10":"29","PM2_5":"11","PSI":"39","PublishTime":"2016-06-01 02:00","SiteName":"馬祖","SO2":"2.8","Status":"良好","WindDirec":"200","WindSpeed":"6.5"},{"CO":"0.08","County":"金門縣","FPMI":"1","MajorPollutant":"","NO":".48","NO2":"3.8","NOx":"4.23","O3":"20","PM10":"25","PM2_5":"2","PSI":"32","PublishTime":"2016-06-01 02:00","SiteName":"金門","SO2":"1.4","Status":"良好","WindDirec":"220","WindSpeed":"4.9"},{"CO":"0.09","County":"澎湖縣","FPMI":"1","MajorPollutant":"","NO":"1.53","NO2":"1.7","NOx":"3.26","O3":"20","PM10":"5","PM2_5":"2","PSI":"16","PublishTime":"2016-06-01 02:00","SiteName":"馬公","SO2":"0.8","Status":"良好","WindDirec":"173","WindSpeed":"2.5"},{"CO":"","County":"臺東縣","FPMI":"1","MajorPollutant":"","NO":"1.32","NO2":"3.6","NOx":"4.89","O3":"5.1","PM10":"21","PM2_5":"7","PSI":"23","PublishTime":"2016-06-01 02:00","SiteName":"關山","SO2":"1.2","Status":"良好","WindDirec":"232","WindSpeed":"0.7"},{"CO":"0.11","County":"雲林縣","FPMI":"1","MajorPollutant":"","NO":"2.3","NO2":"4.5","NOx":"6.78","O3":"10","PM10":"35","PM2_5":"7","PSI":"36","PublishTime":"2016-06-01 02:00","SiteName":"麥寮","SO2":"1.2","Status":"良好","WindDirec":"182","WindSpeed":"2.2"}]