<?xml version="1.0" encoding="UTF-8"?>
<airQuality>
<data><SiteName>麥寮</SiteName><County>雲林縣</County><PM2.5>7 </PM2.5></data>
<data><SiteName>關山</SiteName><County>臺東縣</County><PM2.5>7 </PM2.5></data>
<data><SiteName>馬公</SiteName><County>澎湖縣</County><PM2.5>2 </PM2.5></data>
<data><SiteName>金門</SiteName><County>金門縣</County><PM2.5>2 </PM2.5></data>
<data><SiteName>馬祖</SiteName><County>連江縣</County><PM2.5>11</PM2.5></data>
<data><SiteName>埔里</SiteName><County>南投縣</County><PM2.5>10</PM2.5></data>
<data><SiteName>復興</SiteName><County>高雄市</County><PM2.5>1 </PM2.5></data>
<data><SiteName>永和</SiteName><County>新北市</County><PM2.5>11</PM2.5></data>
<data><SiteName>竹山</SiteName><County>南投縣</County><PM2.5>8 </PM2.5></data>
<data><SiteName>中壢</SiteName><County>桃園市</County><PM2.5>5 </PM2.5></data>
<data><SiteName>三重</SiteName><County>新北市</County><PM2.5>18</PM2.5></data>
<data><SiteName>冬山</SiteName><County>宜蘭縣</County><PM2.5>9 </PM2.5></data>
<data><SiteName>宜蘭</SiteName><County>宜蘭縣</County><PM2.5>14</PM2.5></data>
<data><SiteName>陽明</SiteName><County>臺北市</County><PM2.5>10</PM2.5></data>
<data><SiteName>花蓮</SiteName><County>花蓮縣</County><PM2.5>11</PM2.5></data>
<data><SiteName>臺東</SiteName><County>臺東縣</County><PM2.5>9 </PM2.5></data>
<data><SiteName>恆春</SiteName><County>屏東縣</County><PM2.5>1 </PM2.5></data>
<data><SiteName>潮州</SiteName><County>屏東縣</County><PM2.5>11</PM2.5></data>
<data><SiteName>屏東</SiteName><County>屏東縣</County><PM2.5>18</PM2.5></data>
<data><SiteName>小港</SiteName><County>高雄市</County><PM2.5>0 </PM2.5></data>
<data><SiteName>前鎮</SiteName><County>高雄市</County><PM2.5>3 </PM2.5></data>
<data><SiteName>前金</SiteName><County>高雄市</County><PM2.5>15</PM2.5></data>
<data><SiteName>左營</SiteName><County>高雄市</County><PM2.5>9 </PM2.5></data>
<data><SiteName>楠梓</SiteName><County>高雄市</County><PM2.5>15</PM2.5></data>
<data><SiteName>林園</SiteName><County>高雄市</County><PM2.5>5 </PM2.5></data>
<data><SiteName>大寮</SiteName><County>高雄市</County><PM2.5>0 </PM2.5></data>
<data><SiteName>鳳山</SiteName><County>高雄市</County><PM2.5>0 </PM2.5></data>
<data><SiteName>仁武</SiteName><County>高雄市</County><PM2.5>7 </PM2.5></data>
<data><SiteName>橋頭</SiteName><County>高雄市</County><PM2.5>7 </PM2.5></data>
<data><SiteName>美濃</SiteName><County>高雄市</County><PM2.5>6 </PM2.5></data>
<data><SiteName>臺南</SiteName><County>臺南市</County><PM2.5>12</PM2.5></data>
<data><SiteName>安南</SiteName><County>臺南市</County><PM2.5>16</PM2.5></data>
<data><SiteName>善化</SiteName><County>臺南市</County><PM2.5>0 </PM2.5></data>
<data><SiteName>新營</SiteName><County>臺南市</County><PM2.5>5 </PM2.5></data>
<data><SiteName>嘉義</SiteName><County>嘉義市</County><PM2.5>10</PM2.5></data>
<data><SiteName>臺西</SiteName><County>雲林縣</County><PM2.5>5 </PM2.5></data>
<data><SiteName>朴子</SiteName><County>嘉義縣</County><PM2.5>6 </PM2.5></data>
<data><SiteName>新港</SiteName><County>嘉義縣</County><PM2.5>19</PM2.5></data>
<data><SiteName>崙背</SiteName><County>雲林縣</County><PM2.5>9 </PM2.5></data>
<data><SiteName>斗六</SiteName><County>雲林縣</County><PM2.5>3 </PM2.5></data>
<data><SiteName>南投</SiteName><County>南投縣</County><PM2.5>9 </PM2.5></data>
<data><SiteName>二林</SiteName><County>彰化縣</County><PM2.5>10</PM2.5></data>
<data><SiteName>線西</SiteName><County>彰化縣</County><PM2.5>13</PM2.5></data>
<data><SiteName>彰化</SiteName><County>彰化縣</County><PM2.5>10</PM2.5></data>
<data><SiteName>西屯</SiteName><County>臺中市</County><PM2.5>13</PM2.5></data>
<data><SiteName>忠明</SiteName><County>臺中市</County><PM2.5>6 </PM2.5></data>
<data><SiteName>大里</SiteName><County>臺中市</County><PM2.5>2 </PM2.5></data>
<data><SiteName>沙鹿</SiteName><County>臺中市</County><PM2.5>10</PM2.5></data>
<data><SiteName>豐原</SiteName><County>臺中市</County><PM2.5>13</PM2.5></data>
<data><SiteName>三義</SiteName><County>苗栗縣</County><PM2.5>5 </PM2.5></data>
<data><SiteName>苗栗</SiteName><County>苗栗縣</County><PM2.5>16</PM2.5></data>
<data><SiteName>頭份</SiteName><County>苗栗縣</County><PM2.5>7 </PM2.5></data>
<data><SiteName>新竹</SiteName><County>新竹市</County><PM2.5>5 </PM2.5></data>
<data><SiteName>竹東</SiteName><County>新竹縣</County><PM2.5>13</PM2.5></data>
<data><SiteName>湖口</SiteName><County>新竹縣</County><PM2.5>8 </PM2.5></data>
<data><SiteName>龍潭</SiteName><County>桃園市</County><PM2.5>21</PM2.5></data>
<data><SiteName>平鎮</SiteName><County>桃園市</County><PM2.5>13</PM2.5></data>
<data><SiteName>觀音</SiteName><County>桃園市</County><PM2.5>19</PM2.5></data>
<data><SiteName>大園</SiteName><County>桃園市</County><PM2.5>6 </PM2.5></data>
<data><SiteName>桃園</SiteName><County>桃園市</County><PM2.5>15</PM2.5></data>
<data><SiteName>大同</SiteName><County>臺北市</County><PM2.5>13</PM2.5></data>
<data><SiteName>松山</SiteName><County>臺北市</County><PM2.5>13</PM2.5></data>
<data><SiteName>古亭</SiteName><County>臺北市</County><PM2.5>12</PM2.5></data>
<data><SiteName>萬華</SiteName><County>臺北市</County><PM2.5>10</PM2.5></data>
<data><SiteName>中山</SiteName><County>臺北市</County><PM2.5>23</PM2.5></data>
<data><SiteName>士林</SiteName><County>臺北市</County><PM2.5>14</PM2.5></data>
<data><SiteName>淡水</SiteName><County>新北市</County><PM2.5>12</PM2.5></data>
<data><SiteName>林口</SiteName><County>新北市</County><PM2.5>14</PM2.5></data>
<data><SiteName>菜寮</SiteName><County>新北市</County><PM2.5>18</PM2.5></data>
<data><SiteName>新莊</SiteName><County>新北市</County><PM2.5>29</PM2.5></data>
<data><SiteName>板橋</SiteName><County>新北市</County><PM2.5>7 </PM2.5></data>
<data><SiteName>土城</SiteName><County>新北市</County><PM2.5>18</PM2.5></data>
<data><SiteName>新店</SiteName><County>新北市</County><PM2.5>14</PM2.5></data>
<data><SiteName>萬里</SiteName><County>新北市</County><PM2.5>15</PM2.5></data>
<data><SiteName>汐止</SiteName><County>新北市</County><PM2.5>18</PM2.5></data>
<data><SiteName>基隆</SiteName><County>基隆市</County><PM2.5>16</PM2.5></data>
</airQuality>
