<?xml version="1.0" encoding="UTF-8"?>
<cars>
<data><speed> 4</speed><dist>  2</dist></data>
<data><speed> 4</speed><dist> 10</dist></data>
<data><speed> 7</speed><dist>  4</dist></data>
<data><speed> 7</speed><dist> 22</dist></data>
<data><speed> 8</speed><dist> 16</dist></data>
<data><speed> 9</speed><dist> 10</dist></data>
<data><speed>10</speed><dist> 18</dist></data>
<data><speed>10</speed><dist> 26</dist></data>
<data><speed>10</speed><dist> 34</dist></data>
<data><speed>11</speed><dist> 17</dist></data>
<data><speed>11</speed><dist> 28</dist></data>
<data><speed>12</speed><dist> 14</dist></data>
<data><speed>12</speed><dist> 20</dist></data>
<data><speed>12</speed><dist> 24</dist></data>
<data><speed>12</speed><dist> 28</dist></data>
<data><speed>13</speed><dist> 26</dist></data>
<data><speed>13</speed><dist> 34</dist></data>
<data><speed>13</speed><dist> 34</dist></data>
<data><speed>13</speed><dist> 46</dist></data>
<data><speed>14</speed><dist> 26</dist></data>
<data><speed>14</speed><dist> 36</dist></data>
<data><speed>14</speed><dist> 60</dist></data>
<data><speed>14</speed><dist> 80</dist></data>
<data><speed>15</speed><dist> 20</dist></data>
<data><speed>15</speed><dist> 26</dist></data>
<data><speed>15</speed><dist> 54</dist></data>
<data><speed>16</speed><dist> 32</dist></data>
<data><speed>16</speed><dist> 40</dist></data>
<data><speed>17</speed><dist> 32</dist></data>
<data><speed>17</speed><dist> 40</dist></data>
<data><speed>17</speed><dist> 50</dist></data>
<data><speed>18</speed><dist> 42</dist></data>
<data><speed>18</speed><dist> 56</dist></data>
<data><speed>18</speed><dist> 76</dist></data>
<data><speed>18</speed><dist> 84</dist></data>
<data><speed>19</speed><dist> 36</dist></data>
<data><speed>19</speed><dist> 46</dist></data>
<data><speed>19</speed><dist> 68</dist></data>
<data><speed>20</speed><dist> 32</dist></data>
<data><speed>20</speed><dist> 48</dist></data>
<data><speed>20</speed><dist> 52</dist></data>
<data><speed>20</speed><dist> 56</dist></data>
<data><speed>20</speed><dist> 64</dist></data>
<data><speed>22</speed><dist> 66</dist></data>
<data><speed>23</speed><dist> 54</dist></data>
<data><speed>24</speed><dist> 70</dist></data>
<data><speed>24</speed><dist> 92</dist></data>
<data><speed>24</speed><dist> 93</dist></data>
<data><speed>24</speed><dist>120</dist></data>
<data><speed>25</speed><dist> 85</dist></data>
</cars>